num_qubits,N,sqrt_N,target_position,target_index,trial,classical_queries,grover_queries,grover_iterations,grover_success_prob,grover_correct,speedup,timestamp
4,16,4,middle,8,1,9,3,3,0.967,1,3.0,2025-11-20T00:32:05.980639
4,16,4,middle,8,2,9,3,3,0.947,1,3.0,2025-11-20T00:32:05.982969
4,16,4,middle,8,3,9,3,3,0.963,1,3.0,2025-11-20T00:32:05.985027
4,16,4,middle,8,4,9,3,3,0.949,1,3.0,2025-11-20T00:32:05.986932
4,16,4,middle,8,5,9,3,3,0.967,1,3.0,2025-11-20T00:32:05.988944
4,16,4,middle,8,6,9,3,3,0.957,1,3.0,2025-11-20T00:32:05.990861
4,16,4,middle,8,7,9,3,3,0.949,1,3.0,2025-11-20T00:32:05.992669
4,16,4,middle,8,8,9,3,3,0.962,1,3.0,2025-11-20T00:32:05.994791
4,16,4,middle,8,9,9,3,3,0.971,1,3.0,2025-11-20T00:32:05.996604
4,16,4,middle,8,10,9,3,3,0.964,1,3.0,2025-11-20T00:32:05.998474
4,16,4,end,15,1,16,3,3,0.969,1,5.333333333333333,2025-11-20T00:32:06.000389
4,16,4,end,15,2,16,3,3,0.951,1,5.333333333333333,2025-11-20T00:32:06.002195
4,16,4,end,15,3,16,3,3,0.964,1,5.333333333333333,2025-11-20T00:32:06.003858
4,16,4,end,15,4,16,3,3,0.953,1,5.333333333333333,2025-11-20T00:32:06.005553
4,16,4,end,15,5,16,3,3,0.959,1,5.333333333333333,2025-11-20T00:32:06.007289
4,16,4,end,15,6,16,3,3,0.963,1,5.333333333333333,2025-11-20T00:32:06.008926
4,16,4,end,15,7,16,3,3,0.968,1,5.333333333333333,2025-11-20T00:32:06.011134
4,16,4,end,15,8,16,3,3,0.961,1,5.333333333333333,2025-11-20T00:32:06.013075
4,16,4,end,15,9,16,3,3,0.955,1,5.333333333333333,2025-11-20T00:32:06.014786
4,16,4,end,15,10,16,3,3,0.965,1,5.333333333333333,2025-11-20T00:32:06.016473
5,32,5,middle,16,1,17,4,4,1.0,1,4.25,2025-11-20T00:32:06.023279
5,32,5,middle,16,2,17,4,4,1.0,1,4.25,2025-11-20T00:32:06.025645
5,32,5,middle,16,3,17,4,4,0.998,1,4.25,2025-11-20T00:32:06.028490
5,32,5,middle,16,4,17,4,4,1.0,1,4.25,2025-11-20T00:32:06.030818
5,32,5,middle,16,5,17,4,4,0.997,1,4.25,2025-11-20T00:32:06.033115
5,32,5,middle,16,6,17,4,4,1.0,1,4.25,2025-11-20T00:32:06.035499
5,32,5,middle,16,7,17,4,4,0.998,1,4.25,2025-11-20T00:32:06.037834
5,32,5,middle,16,8,17,4,4,1.0,1,4.25,2025-11-20T00:32:06.040139
5,32,5,middle,16,9,17,4,4,0.999,1,4.25,2025-11-20T00:32:06.042527
5,32,5,middle,16,10,17,4,4,0.999,1,4.25,2025-11-20T00:32:06.045044
5,32,5,end,31,1,32,4,4,0.998,1,8.0,2025-11-20T00:32:06.047762
5,32,5,end,31,2,32,4,4,0.999,1,8.0,2025-11-20T00:32:06.049883
5,32,5,end,31,3,32,4,4,1.0,1,8.0,2025-11-20T00:32:06.052174
5,32,5,end,31,4,32,4,4,0.998,1,8.0,2025-11-20T00:32:06.054448
5,32,5,end,31,5,32,4,4,0.999,1,8.0,2025-11-20T00:32:06.068260
5,32,5,end,31,6,32,4,4,0.999,1,8.0,2025-11-20T00:32:06.070573
5,32,5,end,31,7,32,4,4,1.0,1,8.0,2025-11-20T00:32:06.072763
5,32,5,end,31,8,32,4,4,0.999,1,8.0,2025-11-20T00:32:06.075023
5,32,5,end,31,9,32,4,4,1.0,1,8.0,2025-11-20T00:32:06.077354
5,32,5,end,31,10,32,4,4,0.999,1,8.0,2025-11-20T00:32:06.079550
6,64,8,middle,32,1,33,6,6,0.998,1,5.5,2025-11-20T00:32:06.083777
6,64,8,middle,32,2,33,6,6,0.994,1,5.5,2025-11-20T00:32:06.087128
6,64,8,middle,32,3,33,6,6,0.997,1,5.5,2025-11-20T00:32:06.090405
6,64,8,middle,32,4,33,6,6,0.999,1,5.5,2025-11-20T00:32:06.093776
6,64,8,middle,32,5,33,6,6,0.997,1,5.5,2025-11-20T00:32:06.096997
6,64,8,middle,32,6,33,6,6,0.996,1,5.5,2025-11-20T00:32:06.100164
6,64,8,middle,32,7,33,6,6,0.998,1,5.5,2025-11-20T00:32:06.103457
6,64,8,middle,32,8,33,6,6,0.997,1,5.5,2025-11-20T00:32:06.106756
6,64,8,middle,32,9,33,6,6,0.997,1,5.5,2025-11-20T00:32:06.110032
6,64,8,middle,32,10,33,6,6,0.997,1,5.5,2025-11-20T00:32:06.113330
6,64,8,end,63,1,64,6,6,0.997,1,10.666666666666666,2025-11-20T00:32:06.116612
6,64,8,end,63,2,64,6,6,0.999,1,10.666666666666666,2025-11-20T00:32:06.119661
6,64,8,end,63,3,64,6,6,0.997,1,10.666666666666666,2025-11-20T00:32:06.122896
6,64,8,end,63,4,64,6,6,0.998,1,10.666666666666666,2025-11-20T00:32:06.125991
6,64,8,end,63,5,64,6,6,0.996,1,10.666666666666666,2025-11-20T00:32:06.129791
6,64,8,end,63,6,64,6,6,0.998,1,10.666666666666666,2025-11-20T00:32:06.132799
6,64,8,end,63,7,64,6,6,0.997,1,10.666666666666666,2025-11-20T00:32:06.135827
6,64,8,end,63,8,64,6,6,0.999,1,10.666666666666666,2025-11-20T00:32:06.138937
6,64,8,end,63,9,64,6,6,0.99,1,10.666666666666666,2025-11-20T00:32:06.142050
6,64,8,end,63,10,64,6,6,0.995,1,10.666666666666666,2025-11-20T00:32:06.145163
7,128,11,middle,64,1,65,9,9,0.982,1,7.222222222222222,2025-11-20T00:32:06.151196
7,128,11,middle,64,2,65,9,9,0.989,1,7.222222222222222,2025-11-20T00:32:06.156240
7,128,11,middle,64,3,65,9,9,0.989,1,7.222222222222222,2025-11-20T00:32:06.161421
7,128,11,middle,64,4,65,9,9,0.992,1,7.222222222222222,2025-11-20T00:32:06.166343
7,128,11,middle,64,5,65,9,9,0.987,1,7.222222222222222,2025-11-20T00:32:06.171288
7,128,11,middle,64,6,65,9,9,0.99,1,7.222222222222222,2025-11-20T00:32:06.176242
7,128,11,middle,64,7,65,9,9,0.988,1,7.222222222222222,2025-11-20T00:32:06.181272
7,128,11,middle,64,8,65,9,9,0.987,1,7.222222222222222,2025-11-20T00:32:06.186104
7,128,11,middle,64,9,65,9,9,0.992,1,7.222222222222222,2025-11-20T00:32:06.190969
7,128,11,middle,64,10,65,9,9,0.986,1,7.222222222222222,2025-11-20T00:32:06.195830
7,128,11,end,127,1,128,9,9,0.988,1,14.222222222222221,2025-11-20T00:32:06.200217
7,128,11,end,127,2,128,9,9,0.988,1,14.222222222222221,2025-11-20T00:32:06.204722
7,128,11,end,127,3,128,9,9,0.99,1,14.222222222222221,2025-11-20T00:32:06.209010
7,128,11,end,127,4,128,9,9,0.983,1,14.222222222222221,2025-11-20T00:32:06.213758
7,128,11,end,127,5,128,9,9,0.991,1,14.222222222222221,2025-11-20T00:32:06.218101
7,128,11,end,127,6,128,9,9,0.993,1,14.222222222222221,2025-11-20T00:32:06.222397
7,128,11,end,127,7,128,9,9,0.988,1,14.222222222222221,2025-11-20T00:32:06.226709
7,128,11,end,127,8,128,9,9,0.988,1,14.222222222222221,2025-11-20T00:32:06.231523
7,128,11,end,127,9,128,9,9,0.985,1,14.222222222222221,2025-11-20T00:32:06.235927
7,128,11,end,127,10,128,9,9,0.98,1,14.222222222222221,2025-11-20T00:32:06.240346
8,256,16,middle,128,1,129,13,13,0.979,1,9.923076923076923,2025-11-20T00:32:06.249014
8,256,16,middle,128,2,129,13,13,0.981,1,9.923076923076923,2025-11-20T00:32:06.256299
8,256,16,middle,128,3,129,13,13,0.986,1,9.923076923076923,2025-11-20T00:32:06.263904
8,256,16,middle,128,4,129,13,13,0.987,1,9.923076923076923,2025-11-20T00:32:06.271088
8,256,16,middle,128,5,129,13,13,0.985,1,9.923076923076923,2025-11-20T00:32:06.278346
8,256,16,middle,128,6,129,13,13,0.982,1,9.923076923076923,2025-11-20T00:32:06.285350
8,256,16,middle,128,7,129,13,13,0.989,1,9.923076923076923,2025-11-20T00:32:06.292529
8,256,16,middle,128,8,129,13,13,0.984,1,9.923076923076923,2025-11-20T00:32:06.299507
8,256,16,middle,128,9,129,13,13,0.987,1,9.923076923076923,2025-11-20T00:32:06.306393
8,256,16,middle,128,10,129,13,13,0.983,1,9.923076923076923,2025-11-20T00:32:06.313621
8,256,16,end,255,1,256,13,13,0.983,1,19.692307692307693,2025-11-20T00:32:06.320335
8,256,16,end,255,2,256,13,13,0.989,1,19.692307692307693,2025-11-20T00:32:06.327499
8,256,16,end,255,3,256,13,13,0.98,1,19.692307692307693,2025-11-20T00:32:06.334003
8,256,16,end,255,4,256,13,13,0.989,1,19.692307692307693,2025-11-20T00:32:06.340378
8,256,16,end,255,5,256,13,13,0.99,1,19.692307692307693,2025-11-20T00:32:06.347288
8,256,16,end,255,6,256,13,13,0.981,1,19.692307692307693,2025-11-20T00:32:06.353706
8,256,16,end,255,7,256,13,13,0.989,1,19.692307692307693,2025-11-20T00:32:06.360071
8,256,16,end,255,8,256,13,13,0.983,1,19.692307692307693,2025-11-20T00:32:06.366192
8,256,16,end,255,9,256,13,13,0.979,1,19.692307692307693,2025-11-20T00:32:06.372234
8,256,16,end,255,10,256,13,13,0.992,1,19.692307692307693,2025-11-20T00:32:06.378230
9,512,22,middle,256,1,257,18,18,0.998,1,14.277777777777779,2025-11-20T00:32:06.389973
9,512,22,middle,256,2,257,18,18,0.994,1,14.277777777777779,2025-11-20T00:32:06.400522
9,512,22,middle,256,3,257,18,18,1.0,1,14.277777777777779,2025-11-20T00:32:06.410919
9,512,22,middle,256,4,257,18,18,0.995,1,14.277777777777779,2025-11-20T00:32:06.421090
9,512,22,middle,256,5,257,18,18,0.996,1,14.277777777777779,2025-11-20T00:32:06.431403
9,512,22,middle,256,6,257,18,18,0.997,1,14.277777777777779,2025-11-20T00:32:06.441686
9,512,22,middle,256,7,257,18,18,0.997,1,14.277777777777779,2025-11-20T00:32:06.452149
9,512,22,middle,256,8,257,18,18,0.998,1,14.277777777777779,2025-11-20T00:32:06.462372
9,512,22,middle,256,9,257,18,18,0.995,1,14.277777777777779,2025-11-20T00:32:06.473230
9,512,22,middle,256,10,257,18,18,0.997,1,14.277777777777779,2025-11-20T00:32:06.483551
9,512,22,end,511,1,512,18,18,0.991,1,28.444444444444443,2025-11-20T00:32:06.493547
9,512,22,end,511,2,512,18,18,0.997,1,28.444444444444443,2025-11-20T00:32:06.503147
9,512,22,end,511,3,512,18,18,0.996,1,28.444444444444443,2025-11-20T00:32:06.512509
9,512,22,end,511,4,512,18,18,0.995,1,28.444444444444443,2025-11-20T00:32:06.521735
9,512,22,end,511,5,512,18,18,0.997,1,28.444444444444443,2025-11-20T00:32:06.531159
9,512,22,end,511,6,512,18,18,0.998,1,28.444444444444443,2025-11-20T00:32:06.540542
9,512,22,end,511,7,512,18,18,0.992,1,28.444444444444443,2025-11-20T00:32:06.549865
9,512,22,end,511,8,512,18,18,0.994,1,28.444444444444443,2025-11-20T00:32:06.559259
9,512,22,end,511,9,512,18,18,0.994,1,28.444444444444443,2025-11-20T00:32:06.568879
9,512,22,end,511,10,512,18,18,0.994,1,28.444444444444443,2025-11-20T00:32:06.578361
10,1024,32,middle,512,1,513,25,25,0.999,1,20.52,2025-11-20T00:32:06.596708
10,1024,32,middle,512,2,513,25,25,0.998,1,20.52,2025-11-20T00:32:06.612589
10,1024,32,middle,512,3,513,25,25,0.999,1,20.52,2025-11-20T00:32:06.628398
10,1024,32,middle,512,4,513,25,25,0.999,1,20.52,2025-11-20T00:32:06.644417
10,1024,32,middle,512,5,513,25,25,1.0,1,20.52,2025-11-20T00:32:06.660141
10,1024,32,middle,512,6,513,25,25,1.0,1,20.52,2025-11-20T00:32:06.675872
10,1024,32,middle,512,7,513,25,25,1.0,1,20.52,2025-11-20T00:32:06.691565
10,1024,32,middle,512,8,513,25,25,1.0,1,20.52,2025-11-20T00:32:06.707890
10,1024,32,middle,512,9,513,25,25,0.997,1,20.52,2025-11-20T00:32:06.723865
10,1024,32,middle,512,10,513,25,25,0.999,1,20.52,2025-11-20T00:32:06.739650
10,1024,32,end,1023,1,1024,25,25,1.0,1,40.96,2025-11-20T00:32:06.753788
10,1024,32,end,1023,2,1024,25,25,1.0,1,40.96,2025-11-20T00:32:06.767875
10,1024,32,end,1023,3,1024,25,25,1.0,1,40.96,2025-11-20T00:32:06.782659
10,1024,32,end,1023,4,1024,25,25,0.999,1,40.96,2025-11-20T00:32:06.796612
10,1024,32,end,1023,5,1024,25,25,0.999,1,40.96,2025-11-20T00:32:06.810557
10,1024,32,end,1023,6,1024,25,25,0.997,1,40.96,2025-11-20T00:32:06.824231
10,1024,32,end,1023,7,1024,25,25,1.0,1,40.96,2025-11-20T00:32:06.838274
10,1024,32,end,1023,8,1024,25,25,1.0,1,40.96,2025-11-20T00:32:06.852333
10,1024,32,end,1023,9,1024,25,25,0.999,1,40.96,2025-11-20T00:32:06.866871
10,1024,32,end,1023,10,1024,25,25,0.998,1,40.96,2025-11-20T00:32:06.880971
11,2048,45,middle,1024,1,1025,36,36,0.997,1,28.47222222222222,2025-11-20T00:32:06.909569
11,2048,45,middle,1024,2,1025,36,36,0.999,1,28.47222222222222,2025-11-20T00:32:06.936800
11,2048,45,middle,1024,3,1025,36,36,0.996,1,28.47222222222222,2025-11-20T00:32:06.963650
11,2048,45,middle,1024,4,1025,36,36,1.0,1,28.47222222222222,2025-11-20T00:32:06.990914
11,2048,45,middle,1024,5,1025,36,36,0.998,1,28.47222222222222,2025-11-20T00:32:07.017931
11,2048,45,middle,1024,6,1025,36,36,0.999,1,28.47222222222222,2025-11-20T00:32:07.044753
11,2048,45,middle,1024,7,1025,36,36,0.998,1,28.47222222222222,2025-11-20T00:32:07.071862
11,2048,45,middle,1024,8,1025,36,36,0.997,1,28.47222222222222,2025-11-20T00:32:07.098586
11,2048,45,middle,1024,9,1025,36,36,1.0,1,28.47222222222222,2025-11-20T00:32:07.125571
11,2048,45,middle,1024,10,1025,36,36,0.999,1,28.47222222222222,2025-11-20T00:32:07.152376
11,2048,45,end,2047,1,2048,36,36,0.998,1,56.888888888888886,2025-11-20T00:32:07.175645
11,2048,45,end,2047,2,2048,36,36,0.999,1,56.888888888888886,2025-11-20T00:32:07.198194
11,2048,45,end,2047,3,2048,36,36,0.999,1,56.888888888888886,2025-11-20T00:32:07.220580
11,2048,45,end,2047,4,2048,36,36,0.997,1,56.888888888888886,2025-11-20T00:32:07.242976
11,2048,45,end,2047,5,2048,36,36,1.0,1,56.888888888888886,2025-11-20T00:32:07.265105
11,2048,45,end,2047,6,2048,36,36,0.998,1,56.888888888888886,2025-11-20T00:32:07.288086
11,2048,45,end,2047,7,2048,36,36,0.997,1,56.888888888888886,2025-11-20T00:32:07.310175
11,2048,45,end,2047,8,2048,36,36,0.999,1,56.888888888888886,2025-11-20T00:32:07.332530
11,2048,45,end,2047,9,2048,36,36,0.998,1,56.888888888888886,2025-11-20T00:32:07.354994
11,2048,45,end,2047,10,2048,36,36,0.998,1,56.888888888888886,2025-11-20T00:32:07.377321
12,4096,64,middle,2048,1,2049,50,50,1.0,1,40.98,2025-11-20T00:32:07.426796
12,4096,64,middle,2048,2,2049,50,50,1.0,1,40.98,2025-11-20T00:32:07.474255
12,4096,64,middle,2048,3,2049,50,50,1.0,1,40.98,2025-11-20T00:32:07.521179
12,4096,64,middle,2048,4,2049,50,50,1.0,1,40.98,2025-11-20T00:32:07.569291
12,4096,64,middle,2048,5,2049,50,50,1.0,1,40.98,2025-11-20T00:32:07.616221
12,4096,64,middle,2048,6,2049,50,50,1.0,1,40.98,2025-11-20T00:32:07.664276
12,4096,64,middle,2048,7,2049,50,50,1.0,1,40.98,2025-11-20T00:32:07.711640
12,4096,64,middle,2048,8,2049,50,50,1.0,1,40.98,2025-11-20T00:32:07.759089
12,4096,64,middle,2048,9,2049,50,50,1.0,1,40.98,2025-11-20T00:32:07.806206
12,4096,64,middle,2048,10,2049,50,50,1.0,1,40.98,2025-11-20T00:32:07.854022
12,4096,64,end,4095,1,4096,50,50,1.0,1,81.92,2025-11-20T00:32:07.893045
12,4096,64,end,4095,2,4096,50,50,1.0,1,81.92,2025-11-20T00:32:07.931608
12,4096,64,end,4095,3,4096,50,50,1.0,1,81.92,2025-11-20T00:32:07.970207
12,4096,64,end,4095,4,4096,50,50,1.0,1,81.92,2025-11-20T00:32:08.008988
12,4096,64,end,4095,5,4096,50,50,1.0,1,81.92,2025-11-20T00:32:08.047910
12,4096,64,end,4095,6,4096,50,50,1.0,1,81.92,2025-11-20T00:32:08.086517
12,4096,64,end,4095,7,4096,50,50,1.0,1,81.92,2025-11-20T00:32:08.125887
12,4096,64,end,4095,8,4096,50,50,1.0,1,81.92,2025-11-20T00:32:08.166233
12,4096,64,end,4095,9,4096,50,50,1.0,1,81.92,2025-11-20T00:32:08.205157
12,4096,64,end,4095,10,4096,50,50,1.0,1,81.92,2025-11-20T00:32:08.244393
13,8192,90,middle,4096,1,4097,71,71,1.0,1,57.70422535211268,2025-11-20T00:32:08.342738
13,8192,90,middle,4096,2,4097,71,71,1.0,1,57.70422535211268,2025-11-20T00:32:08.438481
13,8192,90,middle,4096,3,4097,71,71,1.0,1,57.70422535211268,2025-11-20T00:32:08.534241
13,8192,90,middle,4096,4,4097,71,71,1.0,1,57.70422535211268,2025-11-20T00:32:08.630179
13,8192,90,middle,4096,5,4097,71,71,1.0,1,57.70422535211268,2025-11-20T00:32:08.727219
13,8192,90,middle,4096,6,4097,71,71,1.0,1,57.70422535211268,2025-11-20T00:32:08.822627
13,8192,90,middle,4096,7,4097,71,71,1.0,1,57.70422535211268,2025-11-20T00:32:08.920032
13,8192,90,middle,4096,8,4097,71,71,1.0,1,57.70422535211268,2025-11-20T00:32:09.016096
13,8192,90,middle,4096,9,4097,71,71,1.0,1,57.70422535211268,2025-11-20T00:32:09.113049
13,8192,90,middle,4096,10,4097,71,71,1.0,1,57.70422535211268,2025-11-20T00:32:09.209100
13,8192,90,end,8191,1,8192,71,71,1.0,1,115.38028169014085,2025-11-20T00:32:09.290055
13,8192,90,end,8191,2,8192,71,71,1.0,1,115.38028169014085,2025-11-20T00:32:09.369497
13,8192,90,end,8191,3,8192,71,71,1.0,1,115.38028169014085,2025-11-20T00:32:09.449464
13,8192,90,end,8191,4,8192,71,71,1.0,1,115.38028169014085,2025-11-20T00:32:09.527833
13,8192,90,end,8191,5,8192,71,71,1.0,1,115.38028169014085,2025-11-20T00:32:09.607100
13,8192,90,end,8191,6,8192,71,71,1.0,1,115.38028169014085,2025-11-20T00:32:09.687027
13,8192,90,end,8191,7,8192,71,71,1.0,1,115.38028169014085,2025-11-20T00:32:09.766428
13,8192,90,end,8191,8,8192,71,71,1.0,1,115.38028169014085,2025-11-20T00:32:09.844885
13,8192,90,end,8191,9,8192,71,71,1.0,1,115.38028169014085,2025-11-20T00:32:09.924208
13,8192,90,end,8191,10,8192,71,71,1.0,1,115.38028169014085,2025-11-20T00:32:10.003018
14,16384,128,middle,8192,1,8193,101,101,1.0,1,81.11881188118812,2025-11-20T00:32:10.235504
14,16384,128,middle,8192,2,8193,101,101,1.0,1,81.11881188118812,2025-11-20T00:32:10.465172
14,16384,128,middle,8192,3,8193,101,101,1.0,1,81.11881188118812,2025-11-20T00:32:10.694547
14,16384,128,middle,8192,4,8193,101,101,1.0,1,81.11881188118812,2025-11-20T00:32:10.925786
14,16384,128,middle,8192,5,8193,101,101,1.0,1,81.11881188118812,2025-11-20T00:32:11.155813
14,16384,128,middle,8192,6,8193,101,101,0.999,1,81.11881188118812,2025-11-20T00:32:11.385794
14,16384,128,middle,8192,7,8193,101,101,1.0,1,81.11881188118812,2025-11-20T00:32:11.620369
14,16384,128,middle,8192,8,8193,101,101,1.0,1,81.11881188118812,2025-11-20T00:32:11.849993
14,16384,128,middle,8192,9,8193,101,101,1.0,1,81.11881188118812,2025-11-20T00:32:12.076877
14,16384,128,middle,8192,10,8193,101,101,1.0,1,81.11881188118812,2025-11-20T00:32:12.303615
14,16384,128,end,16383,1,16384,101,101,1.0,1,162.21782178217822,2025-11-20T00:32:12.489165
14,16384,128,end,16383,2,16384,101,101,1.0,1,162.21782178217822,2025-11-20T00:32:12.673058
14,16384,128,end,16383,3,16384,101,101,1.0,1,162.21782178217822,2025-11-20T00:32:12.856454
14,16384,128,end,16383,4,16384,101,101,0.999,1,162.21782178217822,2025-11-20T00:32:13.040570
14,16384,128,end,16383,5,16384,101,101,1.0,1,162.21782178217822,2025-11-20T00:32:13.223800
14,16384,128,end,16383,6,16384,101,101,0.999,1,162.21782178217822,2025-11-20T00:32:13.407216
14,16384,128,end,16383,7,16384,101,101,0.999,1,162.21782178217822,2025-11-20T00:32:13.590544
14,16384,128,end,16383,8,16384,101,101,0.998,1,162.21782178217822,2025-11-20T00:32:13.775831
14,16384,128,end,16383,9,16384,101,101,1.0,1,162.21782178217822,2025-11-20T00:32:13.959559
14,16384,128,end,16383,10,16384,101,101,1.0,1,162.21782178217822,2025-11-20T00:32:14.143214
15,32768,181,middle,16384,1,16385,142,142,1.0,1,115.38732394366197,2025-11-20T00:32:14.414232
15,32768,181,middle,16384,2,16385,142,142,1.0,1,115.38732394366197,2025-11-20T00:32:14.687815
15,32768,181,middle,16384,3,16385,142,142,1.0,1,115.38732394366197,2025-11-20T00:32:14.960335
15,32768,181,middle,16384,4,16385,142,142,1.0,1,115.38732394366197,2025-11-20T00:32:15.232880
15,32768,181,middle,16384,5,16385,142,142,1.0,1,115.38732394366197,2025-11-20T00:32:15.504915
15,32768,181,middle,16384,6,16385,142,142,1.0,1,115.38732394366197,2025-11-20T00:32:15.776214
15,32768,181,middle,16384,7,16385,142,142,1.0,1,115.38732394366197,2025-11-20T00:32:16.049200
15,32768,181,middle,16384,8,16385,142,142,1.0,1,115.38732394366197,2025-11-20T00:32:16.321169
15,32768,181,middle,16384,9,16385,142,142,1.0,1,115.38732394366197,2025-11-20T00:32:16.594861
15,32768,181,middle,16384,10,16385,142,142,1.0,1,115.38732394366197,2025-11-20T00:32:16.871167
15,32768,181,end,32767,1,32768,142,142,1.0,1,230.7605633802817,2025-11-20T00:32:17.144658
15,32768,181,end,32767,2,32768,142,142,1.0,1,230.7605633802817,2025-11-20T00:32:17.417877
15,32768,181,end,32767,3,32768,142,142,1.0,1,230.7605633802817,2025-11-20T00:32:17.694132
15,32768,181,end,32767,4,32768,142,142,1.0,1,230.7605633802817,2025-11-20T00:32:17.984686
15,32768,181,end,32767,5,32768,142,142,1.0,1,230.7605633802817,2025-11-20T00:32:18.249817
15,32768,181,end,32767,6,32768,142,142,1.0,1,230.7605633802817,2025-11-20T00:32:18.516709
15,32768,181,end,32767,7,32768,142,142,1.0,1,230.7605633802817,2025-11-20T00:32:18.781014
15,32768,181,end,32767,8,32768,142,142,1.0,1,230.7605633802817,2025-11-20T00:32:19.052254
15,32768,181,end,32767,9,32768,142,142,1.0,1,230.7605633802817,2025-11-20T00:32:19.322350
15,32768,181,end,32767,10,32768,142,142,1.0,1,230.7605633802817,2025-11-20T00:32:19.588544
16,65536,256,middle,32768,1,32769,201,201,1.0,1,163.02985074626866,2025-11-20T00:32:20.171759
16,65536,256,middle,32768,2,32769,201,201,1.0,1,163.02985074626866,2025-11-20T00:32:20.766014
16,65536,256,middle,32768,3,32769,201,201,1.0,1,163.02985074626866,2025-11-20T00:32:21.346738
16,65536,256,middle,32768,4,32769,201,201,1.0,1,163.02985074626866,2025-11-20T00:32:21.927519
16,65536,256,middle,32768,5,32769,201,201,1.0,1,163.02985074626866,2025-11-20T00:32:22.512351
16,65536,256,middle,32768,6,32769,201,201,1.0,1,163.02985074626866,2025-11-20T00:32:23.099561
16,65536,256,middle,32768,7,32769,201,201,1.0,1,163.02985074626866,2025-11-20T00:32:23.701191
16,65536,256,middle,32768,8,32769,201,201,1.0,1,163.02985074626866,2025-11-20T00:32:24.286344
16,65536,256,middle,32768,9,32769,201,201,1.0,1,163.02985074626866,2025-11-20T00:32:24.874143
16,65536,256,middle,32768,10,32769,201,201,1.0,1,163.02985074626866,2025-11-20T00:32:25.465290
16,65536,256,end,65535,1,65536,201,201,1.0,1,326.0497512437811,2025-11-20T00:32:26.006782
16,65536,256,end,65535,2,65536,201,201,1.0,1,326.0497512437811,2025-11-20T00:32:26.694510
16,65536,256,end,65535,3,65536,201,201,1.0,1,326.0497512437811,2025-11-20T00:32:27.233197
16,65536,256,end,65535,4,65536,201,201,1.0,1,326.0497512437811,2025-11-20T00:32:27.811558
16,65536,256,end,65535,5,65536,201,201,1.0,1,326.0497512437811,2025-11-20T00:32:28.377077
16,65536,256,end,65535,6,65536,201,201,1.0,1,326.0497512437811,2025-11-20T00:32:28.929756
16,65536,256,end,65535,7,65536,201,201,1.0,1,326.0497512437811,2025-11-20T00:32:29.480523
16,65536,256,end,65535,8,65536,201,201,1.0,1,326.0497512437811,2025-11-20T00:32:30.033656
16,65536,256,end,65535,9,65536,201,201,1.0,1,326.0497512437811,2025-11-20T00:32:30.612125
16,65536,256,end,65535,10,65536,201,201,1.0,1,326.0497512437811,2025-11-20T00:32:31.170043
17,131072,362,middle,65536,1,65537,284,284,1.0,1,230.76408450704224,2025-11-20T00:32:32.615773
17,131072,362,middle,65536,2,65537,284,284,1.0,1,230.76408450704224,2025-11-20T00:32:34.030229
17,131072,362,middle,65536,3,65537,284,284,1.0,1,230.76408450704224,2025-11-20T00:32:35.443469
17,131072,362,middle,65536,4,65537,284,284,1.0,1,230.76408450704224,2025-11-20T00:32:36.861424
17,131072,362,middle,65536,5,65537,284,284,1.0,1,230.76408450704224,2025-11-20T00:32:38.278936
17,131072,362,middle,65536,6,65537,284,284,1.0,1,230.76408450704224,2025-11-20T00:32:39.690518
17,131072,362,middle,65536,7,65537,284,284,1.0,1,230.76408450704224,2025-11-20T00:32:41.140637
17,131072,362,middle,65536,8,65537,284,284,1.0,1,230.76408450704224,2025-11-20T00:32:42.558056
17,131072,362,middle,65536,9,65537,284,284,1.0,1,230.76408450704224,2025-11-20T00:32:43.972172
17,131072,362,middle,65536,10,65537,284,284,1.0,1,230.76408450704224,2025-11-20T00:32:45.392129
17,131072,362,end,131071,1,131072,284,284,1.0,1,461.5211267605634,2025-11-20T00:32:46.753191
17,131072,362,end,131071,2,131072,284,284,1.0,1,461.5211267605634,2025-11-20T00:32:48.130481
17,131072,362,end,131071,3,131072,284,284,1.0,1,461.5211267605634,2025-11-20T00:32:49.509471
17,131072,362,end,131071,4,131072,284,284,1.0,1,461.5211267605634,2025-11-20T00:32:50.886954
17,131072,362,end,131071,5,131072,284,284,1.0,1,461.5211267605634,2025-11-20T00:32:52.264502
17,131072,362,end,131071,6,131072,284,284,1.0,1,461.5211267605634,2025-11-20T00:32:53.627761
17,131072,362,end,131071,7,131072,284,284,1.0,1,461.5211267605634,2025-11-20T00:32:55.027198
17,131072,362,end,131071,8,131072,284,284,1.0,1,461.5211267605634,2025-11-20T00:32:56.403019
17,131072,362,end,131071,9,131072,284,284,1.0,1,461.5211267605634,2025-11-20T00:32:57.767732
17,131072,362,end,131071,10,131072,284,284,1.0,1,461.5211267605634,2025-11-20T00:32:59.149752
18,262144,512,middle,131072,1,131073,402,402,1.0,1,326.05223880597015,2025-11-20T00:33:02.842166
18,262144,512,middle,131072,2,131073,402,402,1.0,1,326.05223880597015,2025-11-20T00:33:06.541900
18,262144,512,middle,131072,3,131073,402,402,1.0,1,326.05223880597015,2025-11-20T00:33:10.238137
18,262144,512,middle,131072,4,131073,402,402,1.0,1,326.05223880597015,2025-11-20T00:33:13.936163
18,262144,512,middle,131072,5,131073,402,402,1.0,1,326.05223880597015,2025-11-20T00:33:17.637649
18,262144,512,middle,131072,6,131073,402,402,1.0,1,326.05223880597015,2025-11-20T00:33:21.411957
18,262144,512,middle,131072,7,131073,402,402,1.0,1,326.05223880597015,2025-11-20T00:33:25.125961
18,262144,512,middle,131072,8,131073,402,402,1.0,1,326.05223880597015,2025-11-20T00:33:28.835967
18,262144,512,middle,131072,9,131073,402,402,1.0,1,326.05223880597015,2025-11-20T00:33:32.556994
18,262144,512,middle,131072,10,131073,402,402,1.0,1,326.05223880597015,2025-11-20T00:33:36.302426
18,262144,512,end,262143,1,262144,402,402,1.0,1,652.0995024875622,2025-11-20T00:33:39.907960
18,262144,512,end,262143,2,262144,402,402,1.0,1,652.0995024875622,2025-11-20T00:33:43.548877
18,262144,512,end,262143,3,262144,402,402,1.0,1,652.0995024875622,2025-11-20T00:33:47.171399
18,262144,512,end,262143,4,262144,402,402,1.0,1,652.0995024875622,2025-11-20T00:33:50.804935
18,262144,512,end,262143,5,262144,402,402,1.0,1,652.0995024875622,2025-11-20T00:33:54.405244
18,262144,512,end,262143,6,262144,402,402,1.0,1,652.0995024875622,2025-11-20T00:33:58.038185
18,262144,512,end,262143,7,262144,402,402,1.0,1,652.0995024875622,2025-11-20T00:34:01.668163
18,262144,512,end,262143,8,262144,402,402,1.0,1,652.0995024875622,2025-11-20T00:34:05.269322
18,262144,512,end,262143,9,262144,402,402,1.0,1,652.0995024875622,2025-11-20T00:34:08.898965
18,262144,512,end,262143,10,262144,402,402,1.0,1,652.0995024875622,2025-11-20T00:34:12.547892
19,524288,724,middle,262144,1,262145,569,569,1.0,1,460.7117750439367,2025-11-20T00:34:23.269178
19,524288,724,middle,262144,2,262145,569,569,1.0,1,460.7117750439367,2025-11-20T00:34:33.979467
19,524288,724,middle,262144,3,262145,569,569,1.0,1,460.7117750439367,2025-11-20T00:34:44.719666
19,524288,724,middle,262144,4,262145,569,569,1.0,1,460.7117750439367,2025-11-20T00:34:55.402104
19,524288,724,middle,262144,5,262145,569,569,1.0,1,460.7117750439367,2025-11-20T00:35:06.252709
19,524288,724,middle,262144,6,262145,569,569,1.0,1,460.7117750439367,2025-11-20T00:35:17.039298
19,524288,724,middle,262144,7,262145,569,569,1.0,1,460.7117750439367,2025-11-20T00:35:27.753642
19,524288,724,middle,262144,8,262145,569,569,1.0,1,460.7117750439367,2025-11-20T00:35:38.484797
19,524288,724,middle,262144,9,262145,569,569,1.0,1,460.7117750439367,2025-11-20T00:35:49.627831
19,524288,724,middle,262144,10,262145,569,569,1.0,1,460.7117750439367,2025-11-20T00:36:01.052660
19,524288,724,end,524287,1,524288,569,569,1.0,1,921.4200351493848,2025-11-20T00:36:12.482413
19,524288,724,end,524287,2,524288,569,569,1.0,1,921.4200351493848,2025-11-20T00:36:23.919906
19,524288,724,end,524287,3,524288,569,569,1.0,1,921.4200351493848,2025-11-20T00:36:35.460562
19,524288,724,end,524287,4,524288,569,569,1.0,1,921.4200351493848,2025-11-20T00:36:46.945112
19,524288,724,end,524287,5,524288,569,569,1.0,1,921.4200351493848,2025-11-20T00:36:58.373687
19,524288,724,end,524287,6,524288,569,569,1.0,1,921.4200351493848,2025-11-20T00:37:09.767884
19,524288,724,end,524287,7,524288,569,569,1.0,1,921.4200351493848,2025-11-20T00:37:22.995248
19,524288,724,end,524287,8,524288,569,569,1.0,1,921.4200351493848,2025-11-20T00:37:34.489149
19,524288,724,end,524287,9,524288,569,569,1.0,1,921.4200351493848,2025-11-20T00:37:45.990050
19,524288,724,end,524287,10,524288,569,569,1.0,1,921.4200351493848,2025-11-20T00:37:57.741621
20,1048576,1024,middle,524288,1,524289,804,804,1.0,1,652.1007462686567,2025-11-20T00:38:30.205417
20,1048576,1024,middle,524288,2,524289,804,804,1.0,1,652.1007462686567,2025-11-20T00:39:05.039128
20,1048576,1024,middle,524288,3,524289,804,804,1.0,1,652.1007462686567,2025-11-20T00:39:37.055036
20,1048576,1024,middle,524288,4,524289,804,804,1.0,1,652.1007462686567,2025-11-20T00:40:10.961863
20,1048576,1024,middle,524288,5,524289,804,804,1.0,1,652.1007462686567,2025-11-20T00:40:43.789115
20,1048576,1024,middle,524288,6,524289,804,804,1.0,1,652.1007462686567,2025-11-20T00:41:17.522555
20,1048576,1024,middle,524288,7,524289,804,804,1.0,1,652.1007462686567,2025-11-20T00:41:49.553873
20,1048576,1024,middle,524288,8,524289,804,804,1.0,1,652.1007462686567,2025-11-20T00:42:22.120512
20,1048576,1024,middle,524288,9,524289,804,804,1.0,1,652.1007462686567,2025-11-20T00:43:01.965330
20,1048576,1024,middle,524288,10,524289,804,804,1.0,1,652.1007462686567,2025-11-20T00:43:31.195869
20,1048576,1024,end,1048575,1,1048576,804,804,1.0,1,1304.1990049751244,2025-11-20T00:44:04.640120
20,1048576,1024,end,1048575,2,1048576,804,804,1.0,1,1304.1990049751244,2025-11-20T00:44:42.175918
20,1048576,1024,end,1048575,3,1048576,804,804,1.0,1,1304.1990049751244,2025-11-20T00:45:15.516431
20,1048576,1024,end,1048575,4,1048576,804,804,1.0,1,1304.1990049751244,2025-11-20T00:45:47.637526
20,1048576,1024,end,1048575,5,1048576,804,804,1.0,1,1304.1990049751244,2025-11-20T00:46:19.485896
20,1048576,1024,end,1048575,6,1048576,804,804,1.0,1,1304.1990049751244,2025-11-20T00:46:51.539137
20,1048576,1024,end,1048575,7,1048576,804,804,1.0,1,1304.1990049751244,2025-11-20T00:47:23.888906
20,1048576,1024,end,1048575,8,1048576,804,804,1.0,1,1304.1990049751244,2025-11-20T00:47:56.464123
20,1048576,1024,end,1048575,9,1048576,804,804,1.0,1,1304.1990049751244,2025-11-20T00:48:30.438055
20,1048576,1024,end,1048575,10,1048576,804,804,1.0,1,1304.1990049751244,2025-11-20T00:49:03.263255
